,,,,,,,,,,,,,,,,,,,,,,,
action_stab_stab,"Big Earner",,,,,,,,,,,,,,,,,,,,,,
actiondesc_stab_stab,"Grants a speed boost on Stab!",,,,,,,,,,,,,,,,,,,,,,
action_stab_health,"Minä's Misericorde",,,,,,,,,,,,,,,,,,,,,,
actiondesc_stab_health,"Grants a health buff on Stab! that decays over 20 seconds",,,,,,,,,,,,,,,,,,,,,,
action_stab_fire,"Stabbing Fire",,,,,,,,,,,,,,,,,,,,,,
actiondesc_stab_fire,"A fiery Stab! You'd have to be Foolish to use this...",,,,,,,,,,,,,,,,,,,,,,
action_stab_buff,"Essence Extractor",,,,,,,,,,,,,,,,,,,,,,
actiondesc_stab_buff,"Stab! to release the essence of the target, granting a damage boost",,,,,,,,,,,,,,,,,,,,,,
status_stab_big_earner,"Big Earning",,,,,,,,,,,,,,,,,,,,,,
statusdesc_stab_big_earner,"You are fast.",,,,,,,,,,,,,,,,,,,,,,
status_stab_misericorde,"Misericorde",,,,,,,,,,,,,,,,,,,,,,
statusdesc_stab_misericorde,"Your health is increased.",,,,,,,,,,,,,,,,,,,,,,
stab_setting_on,"ON!",,,,,,,,,,,,,,,,,,,,,,
stab_setting_off,"Off",,,,,,,,,,,,,,,,,,,,,,